site,wildtype
613,S
612,S
512,A
648,E
611,N
641,I
647,E
639,T
644,T
645,L
657,E
637,N
60,A
634,E
483,L
157,C
104,M
615,S
322,I
484,Y
481,S
156,N
451,G
266,A
492,E
224,A
660,L
640,Q
686,I
622,I
441,G
347,N
186,N
699,F
247,C
396,F
416,L
513,V
205,C
437,P
330,H
91,E
533,A
406,N
591,Q
47,D
662,A
419,R
195,N
238,L
370,E
380,G
443,I
498,P
514,G
445,C
690,G
474,D
476,R
361,F
666,W
335,K
372,T
532,A
325,E
482,E
321,G
672,W
444,R
450,T
632,D
411,T
602,L
48,A
154,I
692,L
301,N
386,N
197,N
497,A
620,D
688,I
446,K
653,Q
346,A
249,H
283,N
472,G
677,Q
509,E
216,H
82,Q
491,I
166,R
258,Q
285,I
107,D
181,V
192,R
254,V
664,D
397,N
675,I
691,G
382,F
673,F
391,F
392,N
559,I
332,N
469,R
536,T
63,A
504,R
619,Q
336,K
485,K
489,V
348,Q
493,P
281,A
390,L
208,V
135,T
687,I
389,G
103,Q
420,I
429,R
366,G
551,Q
93,F
599,S
267,E
167,D
661,L
540,Q
236,T
683,K
552,Q
187,R
528,S
659,D
471,G
315,Q
440,P
140,S
448,N
479,W
196,C
684,I
431,G
459,G
124,P
697,I
428,Q
189,N
631,W
44,V
453,I
698,V
280,N
90,T
461,N
161,V
435,Y
517,A
385,C
213,I
240,K
636,S
274,S
595,I
393,S
582,A
184a,G
409,N
480,R
516,G
676,S
152,E
337,E
569,T
424,I
549,V
278,T
323,I
606,T
241,N
363,N
669,L
232,K
624,G
65,V
434,I
553,S
206,P
265,L
628,W
694,G
353,F
499,T
334,S
344,K
526,A
297,I
449,I
368,D
585,R
177,Y
413,N
607,N
333,V
358,I
580,V
700,A
629,L
77,T
547,G
400,W
182,V
242,V
605,T
502,K
243,S
190a,Q
341,T
326,I
470,P
313,P
600,G
99,N
49,E
130,D
565,L
417,Q
85,N
399,T
603,I
362,A
126,C
339,N
621,E
101,V
88,N
270,V
398,S
656,N
681,Y
503,R
614,W
365,S
364,S
165,I
141,D
342,L
246,Q
678,W
359,I
100,M
630,Q
572,G
467,T
452,L
383,F
179,L
563,Q
293,T
235,G
352,Y
73,A
610,W
151,K
693,I
604,C
574,K
650,Q
172,V
299,P
626,M
651,N
384,Y
638,Y
627,T
222,G
468,F
345,V
425,N
395a,E
194,I
464,T
486,Y
204,A
395,W
74,C
495,G
438,P
564,H
475,M
541,A
562,Q
153,E
510,K
652,Q
367,G
655,K
597,G
379,G
118,P
560,E
670,W
665,K
487,K
237,G
136,Y
289,A
46,K
329,A
530,M
111,L
570,V
110,S
500,R
505,V
98,N
127,V
170,Q
72,H
590,Q
263,G
298,R
432,Q
75,V
442,V
319,T
571,W
350,R
554,N
123,T
501,A
218,C
211,E
412,E
545,L
317a,Y
423,I
407,N
250,G
466,E
682,I
616,N
257,T
119,C
654,E
137,N
36,V
207,K
633,K
67,N
415,T
523,L
696,R
56,S
198,T
264,S
320,D
462,K
375,S
109,I
458,G
164,V
227,K
340,S
327,R
490,K
54,C
447,S
408,S
43,P
649,S
381,E
579,R
671,N
496,V
120,V
300,N
575,Q
360,K
64,E
581,L
162,T
701,V
200,A
374,H
295,N
314,G
76,P
284,I
253,P
524,G
62,D
306,S
275,E
244,T
174,S
308,H
520,I
171,K
102,E
39,Y
506,V
61,Y
129,L
268,G
351,P
473,G
296,C
507,E
316,A
421,K
286,V
667,A
354,K
132,H
191,Y
287,Q
131,C
214,P
427,W
260,L
290,S
573,I
41,G
457,D
439,I
702,L
422,Q
233,F
255,V
121,K
138,I
598,C
355,N
184b,G
229,K
125,L
557,R
158,S
430,A
357,T
303,T
83,E
531,G
418,C
356,N
230,D
112,W
288,L
695,L
589,D
586,Y
155,T
276,N
114,Q
543,Q
202,T
84,I
519,F
160,N
596,W
658,Q
508,R
410,S
159,Y
115,G
349,L
312,G
168,K
521,G
231,E
272,I
578,A
594,G
245,V
70,A
169,K
592,L
173,S
291,P
685,F
635,V
538,T
561,A
663,L
525,A
593,L
377,N
262,N
239,C
304,R
478,N
328,Q
271,R
433,A
668,S
142,M
33,N
97,K
567,K
680,W
646,I
317,F
623,W
455,T
234,N
226,L
371,I
426,M
376,F
40,Y
256,S
454,L
221,A
71,T
394,T
534,S
465,S
212,P
436,A
343,Q
108,I
269,E
625,N
217,Y
477,D
511,R
608,V
373,T
203,Q
642,I
302,N
210,F
69,W
307,V
324,G
223,F
556,L
456,R
86,L
518,V
89,V
190,S
674,N
122,L
34,L
689,V
488,V
78,D
548,I
219,A
183,Q
618,S
577,Q
113,D
176,F
388,S
175,L
617,K
59,K
117,K
248,T
193,L
273,R
55,A
387,T
45,W
558,A
294,I
305,K
96,W
94,N
414,I
494,I
180,D
555,L
209,T
527,G
58,A
338,W
318,A
588,K
282,K
261,L
228,C
80,N
51,T
188,T
535,V
92,E
35,W
550,Q
105,H
199,S
259,L
601,K
57,D
133,N
220,P
163,T
460,S
643,Y
584,E
87,E
184,I
369,L
544,L
116,L
50,T
32,G
81,P
178,K
251,I
277,I
215,I
37,T
185,N
546,S
568,L
331,C
42,V
463,N
309,L
53,F
139,T
566,L
522,F
587,L
537,L
679,L
539,V
134,V
542,R
95,M
225,I
252,K
68,I
106,T
279,N
609,P
128,T
52,L
378,C
576,L
66,H
583,V
529,T
38,V
201,I
79,P
292,V
515,I
99,N
